name,neighbourhood,city,property_type,room_type,accommodates,amenities,price,review_scores_rating,reviews
"Beautiful Flat in le Village Montmartre, Paris",Buttes-Montmartre,Paris,Entire apartment,Entire place,2,"[""Heating"", ""Kitchen"", ""Washer"", ""Wifi"", ""Long term stays allowed""]",53,100,2
39 m² Paris (Sacre Cœur),Buttes-Montmartre,Paris,Entire apartment,Entire place,2,"[""Shampoo"", ""Heating"", ""Kitchen"", ""Essentials"", ""Washer"", ""Dryer"", ""Wifi"", ""Long term stays allowed""]",120,100,6
"Lovely apartment with Terrace, 60m2",Elysee,Paris,Entire apartment,Entire place,2,"[""Heating"", ""TV"", ""Kitchen"", ""Washer"", ""Wifi"", ""Long term stays allowed""]",89,100,1
Cosy studio (close to Eiffel tower),Vaugirard,Paris,Entire apartment,Entire place,2,"[""Heating"", ""TV"", ""Kitchen"", ""Wifi"", ""Long term stays allowed""]",58,100,1
Close to Eiffel Tower - Beautiful flat : 2 rooms,Passy,Paris,Entire apartment,Entire place,2,"[""Heating"", ""TV"", ""Kitchen"", ""Essentials"", ""Hair dryer"", ""Washer"", ""Dryer"", ""Bathtub"", ""Wifi"", ""Elevator"", ""Long term stays allowed"", ""Cable TV""]",60,100,1
NEW - Charming apartment Le Marais,Temple,Paris,Entire apartment,Entire place,2,"[""Heating"", ""TV"", ""Kitchen"", ""Essentials"", ""Washer"", ""Smoke alarm"", ""Wifi"", ""Long term stays allowed"", ""Cable TV""]",95,100,2
2P - Entre Bastille et Republique,Popincourt,Paris,Entire apartment,Entire place,2,"[""Shampoo"", ""TV"", ""Kitchen"", ""Washer"", ""Smoke alarm"", ""Wifi"", ""Fire extinguisher"", ""Long term stays allowed""]",80,100,2
57sqm btw. Bastille & Père Lachaise,Popincourt,Paris,Entire apartment,Entire place,2,"[""Heating"", ""TV"", ""Kitchen"", ""Essentials"", ""Washer"", ""Dryer"", ""Smoke alarm"", ""Wifi"", ""Long term stays allowed""]",59,100,4
Charming appartment near the Parc Buttes Chaumont,Buttes-Chaumont,Paris,Entire apartment,Entire place,2,"[""Paid parking off premises"", ""Shampoo"", ""Heating"", ""TV"", ""Iron"", ""Kitchen"", ""Hair dryer"", ""Essentials"", ""Washer"", ""Hot water"", ""Hangers"", ""Smoke alarm"", ""Wifi"", ""Long term stays allowed"", ""Dedicated workspace"", ""Host greets you"", ""Cable TV""]",80,100,3
Bel appartement plein de charme !,Opera,Paris,Entire apartment,Entire place,2,"[""Heating"", ""TV"", ""Iron"", ""Kitchen"", ""Essentials"", ""Hair dryer"", ""Washer"", ""Hangers"", ""Wifi"", ""Elevator"", ""Long term stays allowed"", ""Dedicated workspace"", ""Cable TV""]",90,100,2
Beau 2pièces près Butte aux cailles,Gobelins,Paris,Entire apartment,Entire place,2,"[""Heating"", ""Kitchen"", ""Essentials"", ""Washer"", ""Carbon monoxide alarm"", ""Smoke alarm"", ""Wifi"", ""Long term stays allowed"", ""Cable TV""]",60,100,1
Cosy appartement in marais 40m2,Hotel-de-Ville,Paris,Entire apartment,Entire place,2,"[""Shampoo"", ""Heating"", ""TV"", ""Kitchen"", ""Essentials"", ""Washer"", ""Dryer"", ""Smoke alarm"", ""Wifi"", ""Long term stays allowed"", ""Cable TV""]",80,100,3
Cosy Flat near Rue Mouffetard,Pantheon,Paris,Entire apartment,Entire place,2,"[""Heating"", ""Iron"", ""Kitchen"", ""Essentials"", ""Hair dryer"", ""Hangers"", ""Smoke alarm"", ""Wifi"", ""Long term stays allowed"", ""Dedicated workspace""]",61,100,1
Grand 2 pièces de 60 m2 cosy au canal Saint Martin,Enclos-St-Laurent,Paris,Entire apartment,Entire place,2,"[""Dishwasher"", ""Essentials"", ""Stove"", ""Hot water"", ""Hangers"", ""Smoke alarm"", ""Wifi"", ""Long term stays allowed"", ""Dedicated workspace"", ""TV"", ""Iron"", ""Dryer"", ""Refrigerator"", ""Oven"", ""Dishes and silverware"", ""Heating"", ""Kitchen"", ""Coffee maker"", ""Washer"", ""Cooking basics"", ""Paid parking off premises"", ""Garden or backyard"", ""Bed linens"", ""Carbon monoxide alarm"", ""Cleaning before checkout"", ""Elevator""]",145,100,2
"Studio pour deux, place de clichy",Elysee,Paris,Entire apartment,Entire place,2,"[""Heating"", ""TV"", ""Iron"", ""Kitchen"", ""Essentials"", ""Hair dryer"", ""Hangers"", ""Wifi"", ""Elevator"", ""Long term stays allowed""]",35,100,2
Luminous & very cosy flat in Paris,Popincourt,Paris,Entire apartment,Entire place,2,"[""Heating"", ""TV"", ""Iron"", ""Kitchen"", ""Essentials"", ""Hair dryer"", ""Washer"", ""Hangers"", ""Smoke alarm"", ""Wifi"", ""Long term stays allowed"", ""Dedicated workspace""]",39,100,1
2 pièces baignees de soleil !,Batignolles-Monceau,Paris,Entire apartment,Entire place,2,"[""Heating"", ""TV"", ""Kitchen"", ""Essentials"", ""Hair dryer"", ""Washer"", ""Smoke alarm"", ""Wifi"", ""Long term stays allowed""]",55,100,1
Appartement au coeur de Bastille,Popincourt,Paris,Entire apartment,Entire place,2,"[""Heating"", ""TV"", ""Iron"", ""Kitchen"", ""Essentials"", ""Hair dryer"", ""Washer"", ""Smoke alarm"", ""Wifi"", ""Long term stays allowed"", ""Dedicated workspace""]",55,100,4
2 rooms Canal St Martin/ Republique,Enclos-St-Laurent,Paris,Entire apartment,Entire place,2,"[""Heating"", ""Iron"", ""Kitchen"", ""Essentials"", ""Smoke alarm"", ""Wifi"", ""Elevator"", ""Long term stays allowed"", ""Dedicated workspace""]",57,100,2
Calm 1 Bedroom,Gobelins,Paris,Entire apartment,Entire place,2,"[""Heating"", ""TV"", ""Iron"", ""Kitchen"", ""Essentials"", ""Hair dryer"", ""Washer"", ""Hangers"", ""Smoke alarm"", ""Wifi"", ""Long term stays allowed""]",55,100,1
Two rooms flat near Champs Elysees,Batignolles-Monceau,Paris,Entire apartment,Entire place,2,"[""Heating"", ""Iron"", ""Indoor fireplace"", ""Kitchen"", ""Essentials"", ""Hangers"", ""Smoke alarm"", ""Wifi"", ""Long term stays allowed"", ""Dedicated workspace""]",51,100,4
40m2 lovely parisien flat - southpi,Opera,Paris,Entire apartment,Entire place,2,"[""Heating"", ""TV"", ""Iron"", ""Kitchen"", ""Essentials"", ""Washer"", ""Dryer"", ""Smoke alarm"", ""Wifi"", ""Long term stays allowed"", ""Dedicated workspace""]",80,100,1
Duplex flat in central Paris overlooking a garden,Opera,Paris,Entire apartment,Entire place,2,"[""TV"", ""Hair dryer"", ""Iron"", ""Hangers"", ""Smoke alarm"", ""Kitchen"", ""Cable TV"", ""Dedicated workspace"", ""Heating"", ""Long term stays allowed"", ""Shampoo"", ""Elevator"", ""Essentials"", ""Washer"", ""Wifi""]",70,100,8
Grand 2 pièces Montparnasse proche St-Germain,Luxembourg,Paris,Entire apartment,Entire place,2,"[""Washer"", ""Elevator"", ""Wifi"", ""Kitchen"", ""Essentials"", ""Long term stays allowed"", ""TV""]",90,100,3
Typical Parisian flat with balcony - rooftop view,Temple,Paris,Entire apartment,Entire place,2,"[""Iron"", ""Shampoo"", ""Heating"", ""Washer"", ""Hair dryer"", ""Dedicated workspace"", ""Smoke alarm"", ""Cable TV"", ""Wifi"", ""Kitchen"", ""Essentials"", ""Hangers"", ""Long term stays allowed"", ""TV"", ""Breakfast""]",89,100,9
Comfortable studio flat near Place de la Nation,Reuilly,Paris,Entire apartment,Entire place,2,"[""Shampoo"", ""Heating"", ""Washer"", ""Dryer"", ""Dedicated workspace"", ""Smoke alarm"", ""Wifi"", ""Kitchen"", ""Elevator"", ""Essentials"", ""Hangers"", ""Long term stays allowed"", ""TV""]",42,100,4
Cosy Appartment in the Batignolles area,Batignolles-Monceau,Paris,Entire apartment,Entire place,2,"[""Shampoo"", ""Heating"", ""Washer"", ""Wifi"", ""Kitchen"", ""Essentials"", ""Hangers"", ""Long term stays allowed"", ""TV""]",35,100,18
Charming Flat in Downtown Paris,Enclos-St-Laurent,Paris,Entire apartment,Entire place,2,"[""Iron"", ""Shampoo"", ""Heating"", ""Washer"", ""Hair dryer"", ""Dedicated workspace"", ""Smoke alarm"", ""Wifi"", ""Kitchen"", ""Essentials"", ""Hangers"", ""Long term stays allowed"", ""TV"", ""Carbon monoxide alarm""]",60,100,5
Charmant 2 pièces proche montmartre,Buttes-Montmartre,Paris,Entire apartment,Entire place,2,"[""Iron"", ""Heating"", ""Washer"", ""Elevator"", ""Hair dryer"", ""Wifi"", ""Kitchen"", ""Essentials"", ""Long term stays allowed"", ""Hangers""]",50,100,5
Cosy flat at the foot of Sacre Coeur in Montmartre,Buttes-Montmartre,Paris,Entire apartment,Entire place,2,"[""Iron"", ""Shampoo"", ""Heating"", ""Washer"", ""Hair dryer"", ""Dryer"", ""Smoke alarm"", ""Wifi"", ""Dedicated workspace"", ""Kitchen"", ""Breakfast"", ""First aid kit"", ""Essentials"", ""Hangers"", ""Long term stays allowed"", ""Carbon monoxide alarm""]",70,100,3
Appart 2 pièces - Grenelle/Effeil Tower,Vaugirard,Paris,Entire apartment,Entire place,2,"[""Iron"", ""Shampoo"", ""Heating"", ""Hair dryer"", ""Wifi"", ""Kitchen"", ""Essentials"", ""Long term stays allowed"", ""TV"", ""Breakfast""]",50,100,4
Charming and calm duplex in Saint Germain,Luxembourg,Paris,Entire apartment,Entire place,2,"[""Iron"", ""Heating"", ""Hair dryer"", ""Bathtub"", ""Wifi"", ""Dedicated workspace"", ""Kitchen"", ""Hot water"", ""Hangers"", ""Essentials"", ""Air conditioning"", ""Host greets you"", ""Long term stays allowed"", ""Luggage dropoff allowed""]",100,100,6
Appartement lumineux et calme dans le haut marais,Temple,Paris,Entire apartment,Entire place,2,"[""Iron"", ""Shampoo"", ""Heating"", ""Washer"", ""Hair dryer"", ""Dedicated workspace"", ""Smoke alarm"", ""Cable TV"", ""Wifi"", ""Kitchen"", ""Fire extinguisher"", ""Essentials"", ""Hangers"", ""Long term stays allowed"", ""TV""]",109,100,8
Parisian cosy apartment Latin Quarter - 1 bedroom,Gobelins,Paris,Entire apartment,Entire place,2,"[""Heating"", ""Hair dryer"", ""Smoke alarm"", ""Wifi"", ""Kitchen"", ""Dishes and silverware"", ""Refrigerator"", ""Cooking basics"", ""Essentials"", ""Long term stays allowed"", ""Dishwasher"", ""TV"", ""Coffee maker"", ""Microwave""]",68,100,8
Lovely flat at the heart of the Quartier Latin,Pantheon,Paris,Entire apartment,Entire place,2,"[""Shampoo"", ""Heating"", ""Dedicated workspace"", ""Smoke alarm"", ""Wifi"", ""Kitchen"", ""Hot water"", ""Hangers"", ""Essentials"", ""Host greets you"", ""Long term stays allowed"", ""Carbon monoxide alarm""]",75,100,9
Very Charming Apartment in Heart of Paris,Vaugirard,Paris,Entire apartment,Entire place,2,"[""Iron"", ""Heating"", ""Washer"", ""Elevator"", ""Smoke alarm"", ""Wifi"", ""Kitchen"", ""Long term stays allowed"", ""Hangers"", ""TV""]",65,100,5
Charmant appartement parisien (central),Opera,Paris,Entire apartment,Entire place,2,"[""Iron"", ""Shampoo"", ""Heating"", ""Washer"", ""Elevator"", ""Wifi"", ""Kitchen"", ""Essentials"", ""Air conditioning"", ""Long term stays allowed"", ""TV"", ""Breakfast""]",100,100,2
Cozy Apartment Center Town near Parc Luxembourg,Pantheon,Paris,Entire apartment,Entire place,2,"[""Iron"", ""Heating"", ""Hair dryer"", ""Dedicated workspace"", ""Wifi"", ""Kitchen"", ""Essentials"", ""Hangers"", ""Long term stays allowed"", ""Breakfast""]",40,100,3
Beautiful flat near Roland Garros,Passy,Paris,Entire apartment,Entire place,2,"[""Elevator"", ""Hangers"", ""Luggage dropoff allowed"", ""Stove"", ""Coffee maker"", ""Iron"", ""Dryer"", ""Dedicated workspace"", ""First aid kit"", ""Essentials"", ""TV"", ""Shampoo"", ""Heating"", ""Washer"", ""Cable TV"", ""Kitchen"", ""Refrigerator"", ""Cooking basics"", ""Hot water"", ""Oven"", ""Hair dryer"", ""Wifi"", ""Long term stays allowed"", ""Host greets you"", ""Microwave""]",80,100,1
2 pièces à deux pas du Marais,Popincourt,Paris,Entire apartment,Entire place,2,"[""Single level home"", ""Dishes and silverware"", ""Hangers"", ""Luggage dropoff allowed"", ""Stove"", ""Coffee maker"", ""Essentials"", ""Dishwasher"", ""TV"", ""Shampoo"", ""Heating"", ""Washer"", ""Cable TV"", ""Kitchen"", ""Refrigerator"", ""Cooking basics"", ""Hot water"", ""Oven"", ""Hair dryer"", ""Wifi"", ""Long term stays allowed""]",109,100,19
"Designer's space in Paris, close to Marais",Popincourt,Paris,Entire apartment,Entire place,2,"[""Iron"", ""Heating"", ""Washer"", ""Hair dryer"", ""Dedicated workspace"", ""Smoke alarm"", ""Wifi"", ""Kitchen"", ""Essentials"", ""Hangers"", ""Long term stays allowed""]",91,100,4
"Nice, cosy, bright, quiet studio ""intra muros""",Menilmontant,Paris,Entire apartment,Entire place,2,"[""Heating"", ""Washer"", ""Hair dryer"", ""Elevator"", ""Wifi"", ""Kitchen"", ""Long term stays allowed""]",40,100,5
Appartement calme pour 2 - 15 min du sacre coeur,Enclos-St-Laurent,Paris,Entire apartment,Entire place,2,"[""TV"", ""Hair dryer"", ""Kitchen"", ""Smoke alarm"", ""Long term stays allowed"", ""Elevator"", ""Essentials"", ""Heating"", ""Washer"", ""Wifi""]",60,100,5
"Charming, luminous flat in Montmartre",Buttes-Montmartre,Paris,Entire apartment,Entire place,2,"[""Iron"", ""Heating"", ""Washer"", ""Hair dryer"", ""Dedicated workspace"", ""Smoke alarm"", ""Wifi"", ""Kitchen"", ""Elevator"", ""Breakfast"", ""Essentials"", ""Hangers"", ""Long term stays allowed"", ""TV"", ""Carbon monoxide alarm""]",60,100,10
Charming flat on the Gardette square (Bastille),Popincourt,Paris,Entire apartment,Entire place,2,"[""Patio or balcony"", ""Dishes and silverware"", ""Hangers"", ""Stove"", ""Coffee maker"", ""Breakfast"", ""Iron"", ""Dryer"", ""Dedicated workspace"", ""Essentials"", ""Bed linens"", ""Dishwasher"", ""Paid parking off premises"", ""Shampoo"", ""Heating"", ""Washer"", ""Extra pillows and blankets"", ""Kitchen"", ""Refrigerator"", ""Cooking basics"", ""Hot water"", ""Oven"", ""Hair dryer"", ""Indoor fireplace"", ""Wifi"", ""Long term stays allowed"", ""Host greets you""]",119,100,11
Appartement T2 au coeur du quartier Batignolles,Batignolles-Monceau,Paris,Entire apartment,Entire place,2,"[""Iron"", ""Shampoo"", ""Heating"", ""Washer"", ""Hair dryer"", ""Dedicated workspace"", ""Smoke alarm"", ""Wifi"", ""Kitchen"", ""Essentials"", ""Private entrance"", ""Long term stays allowed"", ""Cleaning before checkout"", ""TV""]",52,100,3
Modern and calm apartement near Mouffetard,Pantheon,Paris,Entire apartment,Entire place,2,"[""Iron"", ""Oven"", ""Heating"", ""Washer"", ""Hair dryer"", ""Elevator"", ""Smoke alarm"", ""Wifi"", ""Kitchen"", ""Refrigerator"", ""Cooking basics"", ""Essentials"", ""Private entrance"", ""Long term stays allowed"", ""Dishwasher"", ""TV"", ""Stove""]",70,100,8
Charming & cosy 2 room apartment,Popincourt,Paris,Entire apartment,Entire place,2,"[""Patio or balcony"", ""Single level home"", ""Dishes and silverware"", ""Hangers"", ""Stove"", ""Coffee maker"", ""Iron"", ""Dedicated workspace"", ""Smoke alarm"", ""First aid kit"", ""Essentials"", ""Shampoo"", ""Heating"", ""Washer"", ""Kitchen"", ""Refrigerator"", ""Cooking basics"", ""Hot water"", ""Oven"", ""Hair dryer"", ""Wifi"", ""Long term stays allowed"", ""Host greets you"", ""Microwave""]",70,100,11
Clean and cosy,Vaugirard,Paris,Entire apartment,Entire place,2,"[""TV"", ""Hair dryer"", ""Iron"", ""Hangers"", ""Kitchen"", ""Dedicated workspace"", ""Heating"", ""Long term stays allowed"", ""Shampoo"", ""Elevator"", ""Essentials"", ""Washer"", ""Wifi""]",30,100,1
2p avec Vue Proche Nation et Bastille,Menilmontant,Paris,Entire apartment,Entire place,2,"[""Iron"", ""Heating"", ""Washer"", ""Hair dryer"", ""Dedicated workspace"", ""Smoke alarm"", ""Wifi"", ""Kitchen"", ""Essentials"", ""Long term stays allowed"", ""TV""]",55,100,1
Trendy district - Montmartre - Moulin Rouge,Buttes-Montmartre,Paris,Entire apartment,Entire place,2,"[""Shampoo"", ""Heating"", ""Washer"", ""Hair dryer"", ""Dedicated workspace"", ""Wifi"", ""Kitchen"", ""First aid kit"", ""Essentials"", ""Long term stays allowed"", ""Host greets you"", ""TV""]",51,100,1
Affordable flat in the most famous area of Paris,Buttes-Montmartre,Paris,Entire apartment,Entire place,2,"[""Pocket wifi"", ""Dishwasher"", ""Essentials"", ""Stove"", ""Hot water"", ""Hangers"", ""Smoke alarm"", ""Wifi"", ""Luggage dropoff allowed"", ""Long term stays allowed"", ""Dedicated workspace"", ""Host greets you"", ""Iron"", ""Dryer"", ""Refrigerator"", ""Oven"", ""Dishes and silverware"", ""Ethernet connection"", ""Heating"", ""Kitchen"", ""Hair dryer"", ""Coffee maker"", ""Washer"", ""Breakfast"", ""Microwave"", ""Pack \u2019n Play/travel crib"", ""Cooking basics"", ""Paid parking off premises"", ""Single level home"", ""Shampoo"", ""Bed linens"", ""Carbon monoxide alarm""]",200,100,52
Charmant 2 pièces à Denfert rochereau,Observatoire,Paris,Entire apartment,Entire place,2,"[""Iron"", ""Heating"", ""Washer"", ""Elevator"", ""Hair dryer"", ""Wifi"", ""Kitchen"", ""Smoke alarm"", ""Essentials"", ""Long term stays allowed"", ""Hangers"", ""TV""]",50,100,3
Appartement Goncourt,Popincourt,Paris,Entire apartment,Entire place,2,"[""Iron"", ""Shampoo"", ""Heating"", ""Washer"", ""Hair dryer"", ""Dryer"", ""Smoke alarm"", ""Wifi"", ""Kitchen"", ""Hot water"", ""Essentials"", ""Hangers"", ""Long term stays allowed"", ""Host greets you"", ""TV""]",90,100,2
Bel appartement en plein cœur de Paris,Enclos-St-Laurent,Paris,Entire apartment,Entire place,2,"[""Iron"", ""Shampoo"", ""Heating"", ""Washer"", ""Hair dryer"", ""Dedicated workspace"", ""Wifi"", ""Kitchen"", ""Hot water"", ""Hangers"", ""Essentials"", ""Long term stays allowed"", ""TV""]",59,100,24
A quiet flat in the living town,Enclos-St-Laurent,Paris,Entire apartment,Entire place,2,"[""Bathtub"", ""Dishes and silverware"", ""Hangers"", ""Luggage dropoff allowed"", ""Stove"", ""Coffee maker"", ""Iron"", ""Dryer"", ""Dedicated workspace"", ""Smoke alarm"", ""First aid kit"", ""Essentials"", ""Bed linens"", ""Dishwasher"", ""Shampoo"", ""Heating"", ""Washer"", ""Kitchen"", ""Refrigerator"", ""Cooking basics"", ""Fire extinguisher"", ""Hot water"", ""Oven"", ""Hair dryer"", ""Wifi"", ""Long term stays allowed"", ""Host greets you""]",70,100,6
35m2 proche Montmartre,Buttes-Montmartre,Paris,Entire apartment,Entire place,2,"[""Iron"", ""Heating"", ""Washer"", ""Hair dryer"", ""Extra pillows and blankets"", ""Smoke alarm"", ""Wifi"", ""Dedicated workspace"", ""Kitchen"", ""Hot water"", ""Hangers"", ""Essentials"", ""Bed linens"", ""Long term stays allowed"", ""Host greets you""]",60,100,4
"Appartement Cosy, Calme et Lumineux",Menilmontant,Paris,Entire apartment,Entire place,2,"[""TV"", ""Iron"", ""Kitchen"", ""Breakfast"", ""Private entrance"", ""Heating"", ""Long term stays allowed"", ""Shampoo"", ""Elevator"", ""Essentials"", ""Washer"", ""Wifi""]",82,100,1
"Charmant 2 pièces 45m2 lumineux près metro, parcs",Buttes-Chaumont,Paris,Entire apartment,Entire place,2,"[""Shampoo"", ""Oven"", ""Lockbox"", ""Heating"", ""Washer"", ""Dedicated workspace"", ""Extra pillows and blankets"", ""Smoke alarm"", ""Dishes and silverware"", ""Kitchen"", ""Refrigerator"", ""Cooking basics"", ""Free street parking"", ""Hot water"", ""Hangers"", ""Essentials"", ""Bed linens"", ""Long term stays allowed"", ""Dishwasher"", ""Stove""]",52,100,11
Studio atypique 11ème,Popincourt,Paris,Entire apartment,Entire place,2,"[""Kitchen"", ""Hair dryer"", ""Hangers"", ""Smoke alarm"", ""Long term stays allowed"", ""Heating"", ""Washer"", ""Wifi""]",50,100,2
Nice flat in the 18th district,Buttes-Montmartre,Paris,Entire apartment,Entire place,2,"[""Kitchen"", ""Hair dryer"", ""Iron"", ""Smoke alarm"", ""Free street parking"", ""Heating"", ""Long term stays allowed"", ""Shampoo"", ""Essentials"", ""Washer"", ""Wifi""]",50,100,5
Appart Menilmontant,Popincourt,Paris,Entire apartment,Entire place,2,"[""Essentials"", ""Stove"", ""Hot water"", ""Hangers"", ""Wifi"", ""Long term stays allowed"", ""Pour-over coffee"", ""Refrigerator"", ""Oven"", ""Dishes and silverware"", ""Cleaning products"", ""Clothing storage: closet"", ""Private entrance"", ""Hot water kettle"", ""Heating"", ""Freezer"", ""Kitchen"", ""Hair dryer"", ""Washer"", ""Microwave"", ""Cooking basics"", ""Drying rack for clothing"", ""Shampoo"", ""Laundromat nearby"", ""Shower gel"", ""Bed linens""]",45,100,1
Charmant deux pièces dans le 11eme,Reuilly,Paris,Entire apartment,Entire place,2,"[""Iron"", ""Shampoo"", ""Heating"", ""Washer"", ""Dedicated workspace"", ""Hair dryer"", ""Wifi"", ""Kitchen"", ""Smoke alarm"", ""Essentials"", ""Hot water"", ""Long term stays allowed"", ""Breakfast""]",90,100,6
Appartement de charme cœur de Paris,Opera,Paris,Entire apartment,Entire place,2,"[""Kitchen"", ""Coffee maker"", ""Hangers"", ""Oven"", ""Long term stays allowed"", ""Iron"", ""Smoke alarm"", ""Cable TV"", ""Hot water"", ""Refrigerator"", ""Stove"", ""Essentials"", ""TV"", ""Dishwasher"", ""Breakfast"", ""Dishes and silverware"", ""Hair dryer"", ""Shampoo"", ""Heating"", ""Cooking basics"", ""Microwave"", ""Wifi""]",100,100,4
Cosy flat in central Paris/Bastille,Popincourt,Paris,Entire apartment,Entire place,2,"[""Iron"", ""Shampoo"", ""Heating"", ""Washer"", ""Hair dryer"", ""Breakfast"", ""Wifi"", ""Kitchen"", ""Dishes and silverware"", ""Cooking basics"", ""Hot water"", ""Essentials"", ""Host greets you"", ""Long term stays allowed"", ""TV"", ""Stove"", ""Coffee maker""]",50,100,8
"Joli deux pièces lumineux, cosy & central",Enclos-St-Laurent,Paris,Entire apartment,Entire place,2,"[""Oven"", ""Lockbox"", ""Heating"", ""Washer"", ""Dryer"", ""Wifi"", ""Kitchen"", ""Dishes and silverware"", ""Refrigerator"", ""Cooking basics"", ""Essentials"", ""Long term stays allowed"", ""Dishwasher"", ""Stove"", ""Coffee maker"", ""Microwave""]",100,100,6
Appartement Charmant - Quartier Jourdain,Menilmontant,Paris,Entire apartment,Entire place,2,"[""Shampoo"", ""First aid kit"", ""Heating"", ""TV"", ""Iron"", ""Indoor fireplace"", ""Kitchen"", ""Hair dryer"", ""Essentials"", ""Washer"", ""Breakfast"", ""Hangers"", ""Smoke alarm"", ""Wifi"", ""Long term stays allowed""]",90,100,3
Calme au coeur de Paris,Popincourt,Paris,Entire apartment,Entire place,2,"[""Dishes and silverware"", ""Hangers"", ""Stove"", ""Coffee maker"", ""Iron"", ""Dryer"", ""Dedicated workspace"", ""Essentials"", ""Private entrance"", ""Bed linens"", ""Dishwasher"", ""Paid parking off premises"", ""Shampoo"", ""Heating"", ""Washer"", ""Kitchen"", ""Refrigerator"", ""Cooking basics"", ""Hot water"", ""Oven"", ""Hair dryer"", ""Wifi"", ""Long term stays allowed""]",110,100,13
Cosy and bright flat close to the Arc de Triomphe,Batignolles-Monceau,Paris,Entire apartment,Entire place,2,"[""Heating"", ""Iron"", ""Kitchen"", ""Essentials"", ""Washer"", ""Hangers"", ""Wifi"", ""Elevator"", ""Long term stays allowed""]",90,100,1
BOOK A FLAT IN BATIGNOLLES NEIGHBORHOOD,Batignolles-Monceau,Paris,Entire apartment,Entire place,2,"[""Heating"", ""Washer"", ""Dedicated workspace"", ""Elevator"", ""Wifi"", ""Kitchen"", ""Dishes and silverware"", ""Refrigerator"", ""Essentials"", ""Hangers"", ""Long term stays allowed"", ""Coffee maker""]",90,100,2
Cosy Parisian flat - Orsay/Saint Germain/Tuileries,Palais-Bourbon,Paris,Entire apartment,Entire place,2,"[""Dishes and silverware"", ""Hangers"", ""Stove"", ""Coffee maker"", ""Carbon monoxide alarm"", ""Dedicated workspace"", ""Smoke alarm"", ""Essentials"", ""Dishwasher"", ""TV"", ""Shampoo"", ""Heating"", ""Washer"", ""Kitchen"", ""Refrigerator"", ""Cooking basics"", ""Hot water"", ""Oven"", ""Hair dryer"", ""Wifi"", ""Long term stays allowed"", ""Microwave""]",120,100,11
Quiet and cosy flat in the heart of Paris,Enclos-St-Laurent,Paris,Entire apartment,Entire place,2,"[""Shampoo"", ""Dishes and silverware"", ""Oven"", ""Heating"", ""Iron"", ""Kitchen"", ""Hair dryer"", ""Essentials"", ""Washer"", ""Bed linens"", ""Carbon monoxide alarm"", ""Hot water"", ""Hangers"", ""Smoke alarm"", ""Refrigerator"", ""Microwave"", ""Cooking basics"", ""Stove"", ""Long term stays allowed"", ""Dedicated workspace""]",120,100,14
Deux pièces cozy dans le 17ème arrondissement,Batignolles-Monceau,Paris,Entire apartment,Entire place,2,"[""Heating"", ""TV"", ""Iron"", ""Kitchen"", ""Hair dryer"", ""Essentials"", ""Washer"", ""Hot water"", ""Hangers"", ""Smoke alarm"", ""Wifi"", ""Dishes and silverware"", ""Long term stays allowed"", ""Dedicated workspace"", ""Host greets you""]",110,100,1
Cosy apartment in Paris 12ème,Reuilly,Paris,Entire apartment,Entire place,2,"[""Shampoo"", ""Heating"", ""Washer"", ""Dedicated workspace"", ""Wifi"", ""Kitchen"", ""First aid kit"", ""Essentials"", ""Hangers"", ""Long term stays allowed"", ""Breakfast""]",60,100,5
Appartement cosy et calme à deux pas de Montmartre,Buttes-Montmartre,Paris,Entire apartment,Entire place,2,"[""Shampoo"", ""Heating"", ""Iron"", ""Kitchen"", ""Essentials"", ""Hair dryer"", ""Washer"", ""Carbon monoxide alarm"", ""Smoke alarm"", ""Wifi"", ""Elevator"", ""Long term stays allowed""]",120,100,5
Roof top in Montmartre with view,Buttes-Montmartre,Paris,Entire apartment,Entire place,2,"[""Patio or balcony"", ""Elevator"", ""Dishes and silverware"", ""Hangers"", ""Stove"", ""Coffee maker"", ""Breakfast"", ""Iron"", ""Dedicated workspace"", ""Essentials"", ""Dishwasher"", ""TV"", ""Shampoo"", ""Heating"", ""Washer"", ""Kitchen"", ""Refrigerator"", ""Cooking basics"", ""Hot water"", ""Oven"", ""Hair dryer"", ""Wifi"", ""Long term stays allowed"", ""Host greets you""]",115,100,9
Appartement calme et lumineux MONTMARTRE,Buttes-Montmartre,Paris,Entire apartment,Entire place,2,"[""Iron"", ""Shampoo"", ""Heating"", ""Washer"", ""Hair dryer"", ""Dedicated workspace"", ""Smoke alarm"", ""Wifi"", ""Kitchen"", ""Hot water"", ""Essentials"", ""Long term stays allowed"", ""Host greets you"", ""Carbon monoxide alarm""]",65,100,7
Lovely 1 bed flat close to Montmartre 43 sqm,Buttes-Montmartre,Paris,Entire apartment,Entire place,2,"[""Dishwasher"", ""Essentials"", ""Stove"", ""Hot water"", ""Hangers"", ""Smoke alarm"", ""Wifi"", ""Long term stays allowed"", ""Dedicated workspace"", ""Iron"", ""Dryer"", ""Refrigerator"", ""Oven"", ""Dishes and silverware"", ""Private entrance"", ""Free street parking"", ""Heating"", ""Kitchen"", ""Hair dryer"", ""Breakfast"", ""Washer"", ""Cooking basics"", ""Shampoo""]",80,100,8
Charmant 2 pièces Paris Gambetta,Menilmontant,Paris,Entire apartment,Entire place,2,"[""Iron"", ""Shampoo"", ""Heating"", ""Washer"", ""Hair dryer"", ""Smoke alarm"", ""Wifi"", ""Kitchen"", ""Essentials"", ""Long term stays allowed""]",65,100,4
Appartement calme Sentier Montorgueil,Bourse,Paris,Entire apartment,Entire place,2,"[""Dishes and silverware"", ""Coffee maker"", ""Iron"", ""Dedicated workspace"", ""Smoke alarm"", ""Essentials"", ""Bed linens"", ""Dishwasher"", ""TV"", ""Shampoo"", ""Heating"", ""Washer"", ""Kitchen"", ""Refrigerator"", ""Cooking basics"", ""Hot water"", ""Oven"", ""Hair dryer"", ""Wifi"", ""Long term stays allowed"", ""Microwave""]",125,100,4
Trendy and spacious flat in the heart of Paris,Enclos-St-Laurent,Paris,Entire apartment,Entire place,2,"[""TV"", ""Kitchen"", ""Lockbox"", ""Smoke alarm"", ""Dishwasher"", ""Cooking basics"", ""Hot water"", ""Heating"", ""Refrigerator"", ""Long term stays allowed"", ""Stove"", ""Essentials"", ""Dishes and silverware"", ""Washer"", ""Microwave"", ""Oven"", ""Dryer"", ""Wifi""]",52,100,31
Lovely flat with balcony in Le Marais,Temple,Paris,Entire apartment,Entire place,2,"[""Kitchen"", ""Iron"", ""Coffee maker"", ""Hangers"", ""Smoke alarm"", ""Cooking basics"", ""Host greets you"", ""Dedicated workspace"", ""Hot water"", ""Heating"", ""Refrigerator"", ""Long term stays allowed"", ""Stove"", ""Essentials"", ""Dishes and silverware"", ""Washer"", ""Microwave"", ""Wifi""]",90,100,3
Lovely flat near the Opera and Gare du Nord,Enclos-St-Laurent,Paris,Entire apartment,Entire place,2,"[""Iron"", ""Heating"", ""Washer"", ""Hair dryer"", ""Dedicated workspace"", ""Smoke alarm"", ""Kitchen"", ""Elevator"", ""First aid kit"", ""Essentials"", ""Hangers"", ""Long term stays allowed""]",80,100,2
Charmant appartement ancien au coeur du Xème,Enclos-St-Laurent,Paris,Entire apartment,Entire place,2,"[""TV"", ""Iron"", ""Smoke alarm"", ""Breakfast"", ""Long term stays allowed"", ""Elevator"", ""Essentials"", ""Heating"", ""Washer"", ""Carbon monoxide alarm"", ""Wifi""]",95,100,2
Un oasis de calme et de lumière dans le 18e,Buttes-Montmartre,Paris,Entire apartment,Entire place,2,"[""Kitchen"", ""Iron"", ""Smoke alarm"", ""Breakfast"", ""Heating"", ""Shampoo"", ""Elevator"", ""Essentials"", ""Washer"", ""Long term stays allowed""]",27,100,1
Appartement Haussmanien Opera /Galleries Lafayette,Opera,Paris,Entire apartment,Entire place,2,"[""Iron"", ""Heating"", ""Washer"", ""Hair dryer"", ""Smoke alarm"", ""Wifi"", ""Kitchen"", ""Essentials"", ""Long term stays allowed"", ""TV""]",120,100,1
"Luxurious flat, balcony view on the Eiffel tower",Passy,Paris,Entire apartment,Entire place,2,"[""Shampoo"", ""Heating"", ""Washer"", ""Hair dryer"", ""Dedicated workspace"", ""Smoke alarm"", ""Wifi"", ""Kitchen"", ""Elevator"", ""Essentials"", ""Hangers"", ""Long term stays allowed"", ""TV"", ""Breakfast""]",90,100,3
"Bel appartement parisien, parfait pour un couple !",Popincourt,Paris,Entire apartment,Entire place,2,"[""Heating"", ""Iron"", ""Essentials"", ""Hair dryer"", ""Smoke alarm"", ""Wifi"", ""Elevator"", ""Long term stays allowed"", ""Dedicated workspace""]",95,100,2
Appartement cosy au pied de Montmartre / Pigalle,Opera,Paris,Entire apartment,Entire place,2,"[""Shampoo"", ""Heating"", ""Washer"", ""Hair dryer"", ""Breakfast"", ""Wifi"", ""Dishes and silverware"", ""Kitchen"", ""Refrigerator"", ""Cooking basics"", ""First aid kit"", ""Hot water"", ""Essentials"", ""Long term stays allowed"", ""Bed linens"", ""TV"", ""Stove"", ""Coffee maker"", ""Microwave""]",80,100,4
Cosy and luminous flat in the center of Paris,Enclos-St-Laurent,Paris,Entire apartment,Entire place,2,"[""Iron"", ""Washer"", ""Elevator"", ""Smoke alarm"", ""Wifi"", ""Kitchen"", ""Essentials"", ""Private entrance"", ""Long term stays allowed"", ""Carbon monoxide alarm""]",130,100,2
Appartement de charme en plein centre,Enclos-St-Laurent,Paris,Entire apartment,Entire place,2,"[""Heating"", ""Washer"", ""Elevator"", ""Smoke alarm"", ""Cable TV"", ""Kitchen"", ""Essentials"", ""Hangers"", ""Long term stays allowed"", ""TV""]",120,100,2
"Spacious, rustic & cozy Apt. with Sacre Coeur view",Buttes-Montmartre,Paris,Entire apartment,Entire place,2,"[""Hair dryer"", ""Wifi"", ""Kitchen"", ""Long term stays allowed"", ""Essentials""]",45,100,4
Joli 2 pièces dans le 13e art de Paris,Gobelins,Paris,Entire apartment,Entire place,2,"[""Dishes and silverware"", ""Pocket wifi"", ""Hangers"", ""Luggage dropoff allowed"", ""Stove"", ""Coffee maker"", ""Iron"", ""Dedicated workspace"", ""Smoke alarm"", ""Essentials"", ""Bed linens"", ""TV"", ""Shampoo"", ""Heating"", ""Washer"", ""Cable TV"", ""Kitchen"", ""Refrigerator"", ""Cooking basics"", ""Hot water"", ""Oven"", ""Hair dryer"", ""Wifi"", ""Long term stays allowed"", ""Microwave""]",30,100,2
Cocon parisien proche transport,Observatoire,Paris,Entire apartment,Entire place,2,"[""Iron"", ""Washer"", ""Hair dryer"", ""Smoke alarm"", ""Wifi"", ""Kitchen"", ""Hot water"", ""Essentials"", ""Hangers"", ""Long term stays allowed"", ""TV""]",48,100,1
Appartement de charme à Montmartre,Buttes-Montmartre,Paris,Entire apartment,Entire place,2,"[""Heating"", ""Hair dryer"", ""Dedicated workspace"", ""Wifi"", ""Smoke alarm"", ""Kitchen"", ""Refrigerator"", ""Cooking basics"", ""Private entrance"", ""Long term stays allowed"", ""TV""]",70,100,1
Cosy apartment in a courtyard in Paris,Vaugirard,Paris,Entire apartment,Entire place,2,"[""Shampoo"", ""Heating"", ""Washer"", ""Wifi"", ""Kitchen"", ""Hot water"", ""Essentials"", ""Long term stays allowed"", ""Breakfast""]",80,100,5
Charming apartment in Montmartre,Buttes-Montmartre,Paris,Entire apartment,Entire place,2,"[""Iron"", ""Shampoo"", ""Oven"", ""Patio or balcony"", ""Heating"", ""Washer"", ""Hair dryer"", ""Wifi"", ""Dishes and silverware"", ""Kitchen"", ""Refrigerator"", ""Cooking basics"", ""Hot water"", ""Essentials"", ""Long term stays allowed"", ""Host greets you"", ""Stove"", ""Coffee maker""]",110,100,5
"Modern 1 bedroom flat, Calm & Cosy",Popincourt,Paris,Entire apartment,Entire place,2,"[""Iron"", ""Shampoo"", ""Heating"", ""Washer"", ""Hair dryer"", ""Dedicated workspace"", ""Wifi"", ""Kitchen"", ""Essentials"", ""Private entrance"", ""Long term stays allowed"", ""TV""]",120,100,1
Parisian Appartement near Père Lachaise,Popincourt,Paris,Entire apartment,Entire place,2,"[""Iron"", ""Shampoo"", ""Heating"", ""Washer"", ""Hair dryer"", ""Dedicated workspace"", ""Smoke alarm"", ""Wifi"", ""Dishes and silverware"", ""Kitchen"", ""First aid kit"", ""Hot water"", ""Essentials"", ""Hangers"", ""Long term stays allowed""]",75,100,1
COSY APARTMENT IN HEART OF PARIS NEAR THE LOUVRE,Louvre,Paris,Entire apartment,Entire place,2,"[""Table corner guards"", ""Outlet covers"", ""Children\u2019s books and toys"", ""Essentials"", ""Children\u2019s dinnerware"", ""Hangers"", ""Changing table"", ""Smoke alarm"", ""Wifi"", ""Crib"", ""Long term stays allowed"", ""Dedicated workspace"", ""High chair"", ""TV"", ""Iron"", ""Refrigerator"", ""Oven"", ""Dishes and silverware"", ""Kitchen"", ""Hair dryer"", ""Coffee maker"", ""Microwave"", ""Cooking basics"", ""Baby bath"", ""Cable TV"", ""Paid parking off premises"", ""Bread maker"", ""Bed linens"", ""Carbon monoxide alarm""]",300,100,1
Cosy appartment near Montmartre,Buttes-Montmartre,Paris,Entire apartment,Entire place,2,"[""Oven"", ""Heating"", ""Hair dryer"", ""Extra pillows and blankets"", ""Smoke alarm"", ""Wifi"", ""Dishes and silverware"", ""Kitchen"", ""Cooking basics"", ""Refrigerator"", ""Hot water"", ""Hangers"", ""Essentials"", ""Bed linens"", ""Private entrance"", ""Long term stays allowed"", ""TV"", ""Stove""]",60,100,1
La Casa de Sacha :),Menilmontant,Paris,Entire apartment,Entire place,2,"[""Shampoo"", ""Heating"", ""Iron"", ""Kitchen"", ""Essentials"", ""Hair dryer"", ""Washer"", ""Smoke alarm"", ""Wifi"", ""Elevator"", ""Long term stays allowed"", ""Dedicated workspace""]",60,100,1
★ Cozy Apartment - Paris - 9ème Arrondissement,Opera,Paris,Entire apartment,Entire place,2,"[""Shampoo"", ""Heating"", ""TV"", ""Iron"", ""Kitchen"", ""Hair dryer"", ""Essentials"", ""Washer"", ""Hangers"", ""Smoke alarm"", ""Wifi"", ""Elevator"", ""Long term stays allowed"", ""Cable TV""]",99,100,1
Bright 1bedrm in vibrant Oberkampf,Popincourt,Paris,Entire apartment,Entire place,2,"[""Shampoo"", ""Heating"", ""TV"", ""Iron"", ""Kitchen"", ""Hair dryer"", ""Essentials"", ""Washer"", ""Dryer"", ""Carbon monoxide alarm"", ""Hangers"", ""Smoke alarm"", ""Wifi"", ""Long term stays allowed"", ""Dedicated workspace"", ""Cable TV""]",65,100,10
Montparnasse Apartment - Studio,Observatoire,Paris,Entire apartment,Entire place,2,"[""Shampoo"", ""Heating"", ""TV"", ""Iron"", ""Kitchen"", ""Essentials"", ""Washer"", ""Hangers"", ""Wifi"", ""Long term stays allowed"", ""Dedicated workspace"", ""Cable TV""]",56,100,1
Lovely 2 rooms apartment in Montmartre,Buttes-Montmartre,Paris,Entire apartment,Entire place,2,"[""Dishes and silverware"", ""Hangers"", ""Luggage dropoff allowed"", ""Stove"", ""Breakfast"", ""Coffee maker"", ""Iron"", ""Smoke alarm"", ""Essentials"", ""Dishwasher"", ""Paid parking off premises"", ""Shampoo"", ""Heating"", ""Washer"", ""Kitchen"", ""Refrigerator"", ""Cooking basics"", ""Hot water"", ""Oven"", ""Hair dryer"", ""Wifi"", ""Long term stays allowed"", ""Host greets you"", ""Microwave""]",79,100,13
"Appartement Paris 15, quartier Cambronne",Vaugirard,Paris,Entire apartment,Entire place,2,"[""Iron"", ""Washer"", ""Wifi"", ""Kitchen"", ""Long term stays allowed"", ""Hangers"", ""TV"", ""Breakfast""]",60,100,4
Charmant 2 pièces à deux pas des Champs Elysees,Batignolles-Monceau,Paris,Entire apartment,Entire place,2,"[""Iron"", ""Shampoo"", ""Heating"", ""Washer"", ""Hair dryer"", ""Indoor fireplace"", ""Wifi"", ""Cable TV"", ""Kitchen"", ""Elevator"", ""Fire extinguisher"", ""Essentials"", ""Hangers"", ""Long term stays allowed"", ""TV"", ""Breakfast""]",80,100,1
"Love nest in the center of Paris, Ile de la Cite.",Louvre,Paris,Entire apartment,Entire place,2,"[""TV"", ""Iron"", ""First aid kit"", ""Hangers"", ""Smoke alarm"", ""Kitchen"", ""Paid parking off premises"", ""Host greets you"", ""Fire extinguisher"", ""Private entrance"", ""Hot water"", ""Long term stays allowed"", ""Elevator"", ""Essentials"", ""Washer"", ""Dryer"", ""Wifi"", ""Luggage dropoff allowed""]",95,100,4
Nice studio with nice views in Paris,Reuilly,Paris,Entire apartment,Entire place,2,"[""Iron"", ""Shampoo"", ""Washer"", ""Hair dryer"", ""Elevator"", ""Smoke alarm"", ""Wifi"", ""Kitchen"", ""Essentials"", ""Long term stays allowed"", ""TV"", ""Breakfast""]",80,100,4
44m2 de charme quartier belleville buttes-chaumont,Menilmontant,Paris,Entire apartment,Entire place,2,"[""Heating"", ""Wifi"", ""Smoke alarm"", ""Kitchen"", ""Essentials"", ""Hangers"", ""Private entrance"", ""Long term stays allowed"", ""Breakfast""]",70,100,8
Briques et chine dans le 18e arrondissement,Buttes-Montmartre,Paris,Entire apartment,Entire place,2,"[""Dishes and silverware"", ""Hangers"", ""Stove"", ""Coffee maker"", ""Iron"", ""Dedicated workspace"", ""Smoke alarm"", ""Essentials"", ""TV"", ""Shampoo"", ""Heating"", ""Washer"", ""Kitchen"", ""Refrigerator"", ""Cooking basics"", ""Free street parking"", ""Hot water"", ""Oven"", ""Hair dryer"", ""Wifi"", ""Long term stays allowed"", ""Microwave""]",80,100,1
Appartement cosy & lumineux dans Paris Nord,Buttes-Montmartre,Paris,Entire apartment,Entire place,2,"[""Heating"", ""Washer"", ""Hair dryer"", ""Dedicated workspace"", ""Wifi"", ""Kitchen"", ""Hot water"", ""Essentials"", ""Long term stays allowed""]",70,100,6
Canal Saint Martin - 2 pièces 50m2,Enclos-St-Laurent,Paris,Entire apartment,Entire place,2,"[""Elevator"", ""Dishes and silverware"", ""Hangers"", ""Stove"", ""Coffee maker"", ""Iron"", ""Dryer"", ""Dedicated workspace"", ""Smoke alarm"", ""Essentials"", ""Dishwasher"", ""TV"", ""Shampoo"", ""Lockbox"", ""Heating"", ""Washer"", ""Kitchen"", ""Refrigerator"", ""Cooking basics"", ""Hot water"", ""Oven"", ""Hair dryer"", ""Wifi"", ""Long term stays allowed"", ""Microwave""]",130,100,13
Cosy Parisian flat  - 10 mins from Eiffel Tower!,Palais-Bourbon,Paris,Entire apartment,Entire place,2,"[""Shampoo"", ""Heating"", ""Washer"", ""Hair dryer"", ""Dryer"", ""Smoke alarm"", ""Wifi"", ""Kitchen"", ""Essentials"", ""Hangers"", ""Long term stays allowed"", ""TV""]",95,100,2
Lovely apartment in Montmartre/Batignolles/Pigalle,Buttes-Montmartre,Paris,Entire apartment,Entire place,2,"[""Iron"", ""Shampoo"", ""Heating"", ""Washer"", ""Hair dryer"", ""Dedicated workspace"", ""Smoke alarm"", ""Wifi"", ""Dishes and silverware"", ""Kitchen"", ""Breakfast"", ""Hot water"", ""Essentials"", ""Hangers"", ""Long term stays allowed"", ""Dishwasher"", ""TV"", ""Stove"", ""Coffee maker""]",100,100,8
"Appart studio Coeur de Paris, Emplacement premium",Batignolles-Monceau,Paris,Entire apartment,Entire place,2,"[""Shampoo"", ""Iron"", ""Heating"", ""Hair dryer"", ""Extra pillows and blankets"", ""Smoke alarm"", ""Dedicated workspace"", ""Kitchen"", ""Hot water"", ""Hangers"", ""Essentials"", ""Bed linens"", ""Long term stays allowed""]",110,100,1
Montmartre Flat with lovely terrace,Buttes-Montmartre,Paris,Entire apartment,Entire place,2,"[""TV"", ""Kitchen"", ""Essentials"", ""Washer"", ""Wifi"", ""Elevator"", ""Long term stays allowed"", ""Cable TV""]",73,100,10
Très beau studio place d'italie,Gobelins,Paris,Entire apartment,Entire place,2,"[""Heating"", ""Kitchen"", ""Smoke alarm"", ""Elevator"", ""Long term stays allowed""]",166,100,2
Parisian flat 5 min Eiffel Tower,Vaugirard,Paris,Entire apartment,Entire place,2,"[""Kitchen"", ""Essentials"", ""Washer"", ""Smoke alarm"", ""Wifi"", ""Elevator"", ""Long term stays allowed""]",76,100,1
2 rooms flat next to Eiffel tower,Vaugirard,Paris,Entire apartment,Entire place,2,"[""Shampoo"", ""Heating"", ""TV"", ""Kitchen"", ""Essentials"", ""Washer"", ""Wifi"", ""Long term stays allowed""]",47,100,1
Lovely room nearby Gare de Lyon,Reuilly,Paris,Entire apartment,Entire place,2,"[""First aid kit"", ""Heating"", ""Kitchen"", ""Washer"", ""Wifi"", ""Fire extinguisher"", ""Long term stays allowed"", ""Cable TV""]",50,100,1
Cosy & spacious apartment + great location,Popincourt,Paris,Entire apartment,Entire place,2,"[""Patio or balcony"", ""Outlet covers"", ""Children\u2019s books and toys"", ""Essentials"", ""Children\u2019s dinnerware"", ""Stove"", ""Hot water"", ""Hangers"", ""Changing table"", ""Smoke alarm"", ""Wifi"", ""Luggage dropoff allowed"", ""Crib"", ""Long term stays allowed"", ""High chair"", ""Dedicated workspace"", ""Host greets you"", ""Iron"", ""Refrigerator"", ""Oven"", ""Dishes and silverware"", ""First aid kit"", ""Heating"", ""Kitchen"", ""Hair dryer"", ""Coffee maker"", ""Washer"", ""Breakfast"", ""Microwave"", ""Cooking basics"", ""Shampoo"", ""Extra pillows and blankets"", ""Babysitter recommendations"", ""Bed linens"", ""Carbon monoxide alarm"", ""Elevator""]",110,100,10
Cosy little appartment for 2 people,Buttes-Montmartre,Paris,Entire apartment,Entire place,2,"[""Shampoo"", ""Heating"", ""Kitchen"", ""Essentials"", ""Washer"", ""Smoke alarm"", ""Wifi"", ""Long term stays allowed""]",55,100,1
2 pièces cosy canal St Martin,Enclos-St-Laurent,Paris,Entire apartment,Entire place,2,"[""Shampoo"", ""Heating"", ""TV"", ""Kitchen"", ""Essentials"", ""Wifi"", ""Long term stays allowed""]",90,100,1
Appartement ideal au coeur de Paris,Temple,Paris,Entire apartment,Entire place,2,"[""Shampoo"", ""Heating"", ""TV"", ""Iron"", ""Kitchen"", ""Hair dryer"", ""Essentials"", ""Washer"", ""Hangers"", ""Smoke alarm"", ""Wifi"", ""Long term stays allowed"", ""Dedicated workspace"", ""Cable TV""]",50,100,1
Petit appartement calme et lumineux,Reuilly,Paris,Entire apartment,Entire place,2,"[""Heating"", ""Kitchen"", ""Essentials"", ""Wifi"", ""Long term stays allowed""]",60,100,3
Stunning appartement in the Marais,Temple,Paris,Entire apartment,Entire place,2,"[""Dishwasher"", ""Essentials"", ""Smoke alarm"", ""Wifi"", ""Long term stays allowed"", ""TV"", ""Indoor fireplace"", ""Dryer"", ""Refrigerator"", ""Oven"", ""Dishes and silverware"", ""Heating"", ""Kitchen"", ""Coffee maker"", ""Washer"", ""Microwave"", ""Cooking basics"", ""Fire extinguisher"", ""Cable TV"", ""Shampoo"", ""Carbon monoxide alarm""]",280,100,2
Studio à deux pas des Champs-Elyees,Elysee,Paris,Entire apartment,Entire place,2,"[""Heating"", ""TV"", ""Kitchen"", ""Essentials"", ""Washer"", ""Smoke alarm"", ""Wifi"", ""Elevator"", ""Long term stays allowed"", ""Cable TV""]",75,100,1
Nice 2-rooms apt in SoPi/Montmartre,Opera,Paris,Entire apartment,Entire place,2,"[""Shampoo"", ""Heating"", ""TV"", ""Kitchen"", ""Essentials"", ""Washer"", ""Smoke alarm"", ""Wifi"", ""Elevator"", ""Long term stays allowed"", ""Cable TV""]",60,100,1
Charming appartment near Montmartre,Buttes-Montmartre,Paris,Entire apartment,Entire place,2,"[""Shampoo"", ""Hot tub"", ""Heating"", ""TV"", ""Iron"", ""Kitchen"", ""Hair dryer"", ""Essentials"", ""Washer"", ""Hangers"", ""Wifi"", ""Elevator"", ""Long term stays allowed"", ""Cable TV""]",85,100,1
2 Room Apt Terrace 5m Champs Elysee,Batignolles-Monceau,Paris,Entire apartment,Entire place,2,"[""Shampoo"", ""Heating"", ""TV"", ""Iron"", ""Kitchen"", ""Essentials"", ""Washer"", ""Carbon monoxide alarm"", ""Hangers"", ""Smoke alarm"", ""Wifi"", ""Elevator"", ""Long term stays allowed"", ""Dedicated workspace"", ""Cable TV""]",99,100,1
Appartement charmant 17e,Batignolles-Monceau,Paris,Entire apartment,Entire place,2,"[""Shampoo"", ""TV"", ""Kitchen"", ""Wifi"", ""Elevator"", ""Long term stays allowed""]",40,100,1
Loft sous les toits,Palais-Bourbon,Paris,Entire apartment,Entire place,2,"[""Heating"", ""Kitchen"", ""Washer"", ""Long term stays allowed"", ""Cable TV""]",99,100,2
Bright and spacious apartment,Vaugirard,Paris,Entire apartment,Entire place,2,"[""Shampoo"", ""First aid kit"", ""Heating"", ""TV"", ""Kitchen"", ""Essentials"", ""Washer"", ""Dryer"", ""Elevator"", ""Smoke alarm"", ""Wifi"", ""Fire extinguisher"", ""Long term stays allowed"", ""Cable TV""]",89,100,1
Appartement au calme sur Paris 16,Passy,Paris,Entire apartment,Entire place,2,"[""Shampoo"", ""First aid kit"", ""Hot tub"", ""Heating"", ""Indoor fireplace"", ""Kitchen"", ""Essentials"", ""Washer"", ""Dryer"", ""Smoke alarm"", ""Wifi"", ""Long term stays allowed"", ""Cable TV""]",90,100,1
SUPER CUTE APPARTMENT IN MONTMARTRE,Buttes-Montmartre,Paris,Entire apartment,Entire place,2,"[""Shampoo"", ""Heating"", ""Iron"", ""Kitchen"", ""Hair dryer"", ""Essentials"", ""Washer"", ""Dryer"", ""Hangers"", ""Wifi"", ""Long term stays allowed"", ""Dedicated workspace""]",65,100,1
Appart. 2 pièces - Paris 9ème,Elysee,Paris,Entire apartment,Entire place,2,"[""Shampoo"", ""Heating"", ""TV"", ""Kitchen"", ""Essentials"", ""Washer"", ""Wifi"", ""Long term stays allowed""]",90,100,1
Charming 2 rooms 50m² - Bastille,Popincourt,Paris,Entire apartment,Entire place,2,"[""Shampoo"", ""Heating"", ""TV"", ""Iron"", ""Kitchen"", ""Hair dryer"", ""Essentials"", ""Washer"", ""Breakfast"", ""Hangers"", ""Wifi"", ""Elevator"", ""Long term stays allowed"", ""Dedicated workspace"", ""Cable TV""]",75,100,4
Beautiful studio in Montmartre,Buttes-Montmartre,Paris,Entire apartment,Entire place,2,"[""Shampoo"", ""Heating"", ""Iron"", ""Kitchen"", ""Essentials"", ""Hair dryer"", ""Hangers"", ""Wifi"", ""Elevator"", ""Long term stays allowed""]",35,100,1
Studio 22m2 au cœur de paris !,Gobelins,Paris,Entire apartment,Entire place,2,"[""Shampoo"", ""Heating"", ""Iron"", ""Kitchen"", ""Hair dryer"", ""Essentials"", ""Washer"", ""Cleaning before checkout"", ""Hot water"", ""Smoke alarm"", ""Wifi"", ""Elevator"", ""Long term stays allowed"", ""Dedicated workspace""]",90,100,11
"Nice, calm and very sunny studio in Montparnasse",Vaugirard,Paris,Entire apartment,Entire place,2,"[""Heating"", ""TV"", ""Iron"", ""Kitchen"", ""Essentials"", ""Hair dryer"", ""Hangers"", ""Smoke alarm"", ""Wifi"", ""Elevator"", ""Long term stays allowed"", ""Dedicated workspace""]",68,100,2
Cosy Flat rue des Batignolles,Batignolles-Monceau,Paris,Entire apartment,Entire place,2,"[""Heating"", ""TV"", ""Iron"", ""Kitchen"", ""Essentials"", ""Hair dryer"", ""Washer"", ""Hangers"", ""Wifi"", ""Long term stays allowed"", ""Cable TV""]",85,100,1
Super peaceful flat in South Pigalle,Opera,Paris,Entire apartment,Entire place,2,"[""Heating"", ""TV"", ""Iron"", ""Kitchen"", ""Hair dryer"", ""Washer"", ""Dryer"", ""Smoke alarm"", ""Wifi"", ""Long term stays allowed""]",55,100,3
Very central designer apartment,Temple,Paris,Entire apartment,Entire place,2,"[""Shampoo"", ""Heating"", ""Iron"", ""Kitchen"", ""Essentials"", ""Hair dryer"", ""Hangers"", ""Smoke alarm"", ""Wifi"", ""Long term stays allowed"", ""Dedicated workspace""]",60,100,1
2 pièces sous les toits,Popincourt,Paris,Entire apartment,Entire place,2,"[""Heating"", ""TV"", ""Iron"", ""Kitchen"", ""Essentials"", ""Hair dryer"", ""Washer"", ""Hangers"", ""Smoke alarm"", ""Wifi"", ""Long term stays allowed"", ""Dedicated workspace""]",38,100,3
Apartment in the 9ème,Opera,Paris,Entire apartment,Entire place,2,"[""Shampoo"", ""Heating"", ""TV"", ""Iron"", ""Kitchen"", ""Essentials"", ""Hangers"", ""Smoke alarm"", ""Wifi"", ""Elevator"", ""Long term stays allowed"", ""Dedicated workspace""]",106,100,1
The Telegraphe nicest,Buttes-Chaumont,Paris,Entire apartment,Entire place,2,"[""Shampoo"", ""Heating"", ""Iron"", ""Kitchen"", ""Essentials"", ""Washer"", ""Wifi"", ""Elevator"", ""Long term stays allowed"", ""Dedicated workspace"", ""Cable TV""]",50,100,1
Bel appartement Bastille Marais,Popincourt,Paris,Entire apartment,Entire place,2,"[""First aid kit"", ""Heating"", ""TV"", ""Kitchen"", ""Essentials"", ""Hair dryer"", ""Washer"", ""Breakfast"", ""Wifi"", ""Elevator"", ""Long term stays allowed""]",90,100,3
Nice cosy flat with private garden,Batignolles-Monceau,Paris,Entire apartment,Entire place,2,"[""TV"", ""Iron"", ""Kitchen"", ""Hangers"", ""Smoke alarm"", ""Breakfast"", ""Cable TV"", ""Dedicated workspace"", ""Heating"", ""Long term stays allowed"", ""Shampoo"", ""Essentials"", ""Wifi""]",110,100,1
Charming & spacious apartment near Eiffel Tower,Vaugirard,Paris,Entire apartment,Entire place,2,"[""Iron"", ""Shampoo"", ""Heating"", ""Washer"", ""Hair dryer"", ""Dedicated workspace"", ""Smoke alarm"", ""Cable TV"", ""Wifi"", ""Kitchen"", ""Elevator"", ""Essentials"", ""Hangers"", ""Long term stays allowed"", ""TV""]",80,100,1
Beautiful apartment in Montmartre,Buttes-Montmartre,Paris,Entire apartment,Entire place,2,"[""Iron"", ""Shampoo"", ""Heating"", ""Washer"", ""Hair dryer"", ""Dryer"", ""Smoke alarm"", ""Wifi"", ""Dedicated workspace"", ""Kitchen"", ""Essentials"", ""Hangers"", ""Long term stays allowed"", ""TV""]",104,100,2
2 Pièces calme et lumineux Buttes Chaumont,Buttes-Chaumont,Paris,Entire apartment,Entire place,2,"[""Shampoo"", ""Heating"", ""Washer"", ""Dryer"", ""Dedicated workspace"", ""Smoke alarm"", ""Wifi"", ""Kitchen"", ""Elevator"", ""Essentials"", ""Hangers"", ""Long term stays allowed"", ""TV"", ""Breakfast""]",165,100,3
Appartement cosy au coeur de Paris,Vaugirard,Paris,Entire apartment,Entire place,2,"[""TV"", ""Hair dryer"", ""Iron"", ""Kitchen"", ""Dedicated workspace"", ""Heating"", ""Long term stays allowed"", ""Elevator"", ""Essentials"", ""Washer"", ""Wifi""]",55,100,1
Quiet place in a animated neighborhood,Batignolles-Monceau,Paris,Entire apartment,Entire place,2,"[""Paid parking off premises"", ""Iron"", ""Shampoo"", ""Heating"", ""Washer"", ""Dedicated workspace"", ""Wifi"", ""Kitchen"", ""Essentials"", ""Hot water"", ""Long term stays allowed"", ""Hangers"", ""Luggage dropoff allowed""]",70,100,3
"Bel appartement calme, Marais (Paris 3ème)",Temple,Paris,Entire apartment,Entire place,2,"[""Iron"", ""Heating"", ""Hair dryer"", ""Smoke alarm"", ""Wifi"", ""Essentials"", ""Hangers"", ""Long term stays allowed"", ""TV"", ""Breakfast""]",110,100,2
Modern & romantic place in Montmartre,Buttes-Montmartre,Paris,Entire apartment,Entire place,2,"[""Kitchen"", ""Hangers"", ""Bed linens"", ""Oven"", ""Long term stays allowed"", ""Lockbox"", ""Iron"", ""Paid parking off premises"", ""Smoke alarm"", ""Dedicated workspace"", ""Hot water"", ""Refrigerator"", ""Elevator"", ""Stove"", ""Essentials"", ""Extra pillows and blankets"", ""Dishwasher"", ""Washer"", ""Hair dryer"", ""Shampoo"", ""Heating"", ""Wifi""]",110,100,6
Charmant Duplex en plein cœur de Paris,Louvre,Paris,Entire apartment,Entire place,2,"[""Iron"", ""Heating"", ""Washer"", ""Hair dryer"", ""Smoke alarm"", ""Wifi"", ""Kitchen"", ""Essentials"", ""Hangers"", ""Long term stays allowed"", ""TV""]",60,100,1
Cosy apartment in the heart of Paris/Eiffel Tower,Vaugirard,Paris,Entire apartment,Entire place,2,"[""Shampoo"", ""Heating"", ""Elevator"", ""Hair dryer"", ""Smoke alarm"", ""Wifi"", ""Kitchen"", ""Essentials"", ""Hangers"", ""Long term stays allowed""]",120,100,4
Beautiful & cosy 1 bedroom,Popincourt,Paris,Entire apartment,Entire place,2,"[""Iron"", ""Shampoo"", ""Heating"", ""Washer"", ""Hair dryer"", ""Dedicated workspace"", ""Smoke alarm"", ""Wifi"", ""Kitchen"", ""Essentials"", ""Private entrance"", ""Long term stays allowed"", ""TV""]",70,100,15
lovely apartment T2 in Paris,Menilmontant,Paris,Entire apartment,Entire place,2,"[""Oven"", ""Hot water kettle"", ""Hair dryer"", ""Breakfast"", ""Smoke alarm"", ""Wifi"", ""Kitchen"", ""Refrigerator"", ""Cooking basics"", ""Dishes and silverware"", ""Fire extinguisher"", ""Essentials"", ""Hangers"", ""Long term stays allowed"", ""Dishwasher"", ""TV"", ""Coffee maker"", ""Microwave""]",50,100,2
Appartement Montmartre - Jules Joffrin,Buttes-Montmartre,Paris,Entire apartment,Entire place,2,"[""Iron"", ""Shampoo"", ""Heating"", ""Washer"", ""Hair dryer"", ""Smoke alarm"", ""Wifi"", ""Kitchen"", ""Essentials"", ""Hangers"", ""Long term stays allowed"", ""TV"", ""Breakfast""]",70,100,1
"Cosy and modern flat for two in Paris, 15th",Vaugirard,Paris,Entire apartment,Entire place,2,"[""Heating"", ""Washer"", ""Smoke alarm"", ""Wifi"", ""Kitchen"", ""Essentials"", ""Hangers"", ""Long term stays allowed"", ""TV""]",75,100,1
BULLE BLANCHE EN PLEIN PARIS,Buttes-Montmartre,Paris,Entire apartment,Entire place,2,"[""Iron"", ""Oven"", ""Heating"", ""Washer"", ""Smoke alarm"", ""Wifi"", ""Kitchen"", ""Refrigerator"", ""Cooking basics"", ""Dishes and silverware"", ""Hot water"", ""Hangers"", ""Essentials"", ""Bed linens"", ""Long term stays allowed"", ""Host greets you"", ""TV"", ""Stove""]",80,100,1
"Appartement chaleureux, proche Tour Eiffel",Passy,Paris,Entire apartment,Entire place,2,"[""Pocket wifi"", ""Essentials"", ""Hot water"", ""Hangers"", ""Smoke alarm"", ""Wifi"", ""Long term stays allowed"", ""Dedicated workspace"", ""TV"", ""Iron"", ""Dryer"", ""Refrigerator"", ""Dishes and silverware"", ""Heating"", ""Kitchen"", ""Hair dryer"", ""Coffee maker"", ""Washer"", ""Microwave"", ""Cooking basics"", ""Paid parking off premises"", ""Shampoo"", ""Extra pillows and blankets"", ""Bed linens""]",150,100,4
Appartement bobo parisien,Popincourt,Paris,Entire apartment,Entire place,2,"[""Shampoo"", ""Washer"", ""Kitchen"", ""Essentials"", ""Hangers"", ""Long term stays allowed"", ""TV""]",100,100,1
Cosy flat in the center of Paris (30sqm2),Luxembourg,Paris,Entire apartment,Entire place,2,"[""Iron"", ""Heating"", ""Washer"", ""Smoke alarm"", ""Wifi"", ""Kitchen"", ""Essentials"", ""Hangers"", ""Long term stays allowed"", ""TV""]",85,100,2
Deux pièces à Clignancourt,Buttes-Montmartre,Paris,Entire apartment,Entire place,2,"[""Heating"", ""Washer"", ""Wifi"", ""Kitchen"", ""Smoke alarm"", ""Essentials"", ""Long term stays allowed""]",90,100,1
Paris : joli petit appart très calme et lumineux,Bourse,Paris,Entire apartment,Entire place,2,"[""Shampoo"", ""Elevator"", ""Hair dryer"", ""Dedicated workspace"", ""Smoke alarm"", ""Wifi"", ""Kitchen"", ""First aid kit"", ""Essentials"", ""Hangers"", ""Long term stays allowed"", ""Building staff"", ""Luggage dropoff allowed""]",70,100,4
Studio paris 15eme,Vaugirard,Paris,Entire apartment,Entire place,2,"[""Kitchen"", ""Hair dryer"", ""Hangers"", ""Smoke alarm"", ""Dedicated workspace"", ""Essentials"", ""Long term stays allowed""]",72,100,9
Parc Montsouris,Observatoire,Paris,Entire apartment,Entire place,2,"[""Shampoo"", ""Iron"", ""Heating"", ""Washer"", ""Hair dryer"", ""Elevator"", ""Smoke alarm"", ""Wifi"", ""Kitchen"", ""Essentials"", ""Hangers"", ""Long term stays allowed"", ""TV""]",150,100,1
Charmant Appartement 9ème,Opera,Paris,Entire apartment,Entire place,2,"[""Heating"", ""TV"", ""Kitchen"", ""Essentials"", ""Hair dryer"", ""Washer"", ""Smoke alarm"", ""Wifi"", ""Elevator"", ""Long term stays allowed""]",65,100,1
Charmant 2 pièces refait à neuf - Brochant,Batignolles-Monceau,Paris,Entire apartment,Entire place,2,"[""Dishes and silverware"", ""Hangers"", ""Stove"", ""Coffee maker"", ""Iron"", ""Dedicated workspace"", ""Smoke alarm"", ""First aid kit"", ""Essentials"", ""TV"", ""Shampoo"", ""Heating"", ""Washer"", ""Kitchen"", ""Refrigerator"", ""Cooking basics"", ""Hot water"", ""Oven"", ""Hair dryer"", ""Wifi"", ""Cleaning before checkout"", ""Host greets you"", ""Long term stays allowed""]",75,100,6
Appartement typique Parisien Cosy et  Lumineux !,Popincourt,Paris,Entire apartment,Entire place,2,"[""Iron"", ""Shampoo"", ""Heating"", ""Washer"", ""Hair dryer"", ""Dedicated workspace"", ""Smoke alarm"", ""Wifi"", ""Kitchen"", ""Hot water"", ""Hangers"", ""Essentials"", ""Air conditioning"", ""Long term stays allowed""]",100,100,1
Appart. vue Sacre Coeur proche Republique,Enclos-St-Laurent,Paris,Entire apartment,Entire place,2,"[""Heating"", ""Washer"", ""Hair dryer"", ""Smoke alarm"", ""Wifi"", ""Kitchen"", ""Long term stays allowed"", ""TV""]",80,100,1
Cosy flat near the Eiffel Tower,Vaugirard,Paris,Entire apartment,Entire place,2,"[""Iron"", ""Ethernet connection"", ""Shampoo"", ""Heating"", ""Elevator"", ""Dedicated workspace"", ""Hair dryer"", ""Smoke alarm"", ""Kitchen"", ""Essentials"", ""Long term stays allowed"", ""Hangers"", ""TV""]",52,100,3
Paris 13,Gobelins,Paris,Entire apartment,Entire place,2,"[""Essentials"", ""Stove"", ""Hot water"", ""Hangers"", ""Smoke alarm"", ""Wifi"", ""Luggage dropoff allowed"", ""Long term stays allowed"", ""Dedicated workspace"", ""TV"", ""Iron"", ""Refrigerator"", ""Dishes and silverware"", ""Heating"", ""Kitchen"", ""Hair dryer"", ""Washer"", ""Microwave"", ""Cooking basics"", ""Cable TV"", ""Single level home"", ""Extra pillows and blankets"", ""Bed linens"", ""Cleaning before checkout""]",50,100,1
Nice apartment close to the BOIS DE VINCENNES - Professional Cleaning,Reuilly,Paris,Entire apartment,Entire place,2,"[""Elevator"", ""Dishes and silverware"", ""Hangers"", ""Coffee maker"", ""Carbon monoxide alarm"", ""Dryer"", ""Dedicated workspace"", ""Smoke alarm"", ""Essentials"", ""Bed linens"", ""TV"", ""Shampoo"", ""Heating"", ""Washer"", ""Kitchen"", ""Refrigerator"", ""Hot water"", ""Oven"", ""Wifi"", ""Long term stays allowed"", ""Microwave""]",67,100,2
Magnificent bright apartment  - Professional Cleaning,Popincourt,Paris,Entire apartment,Entire place,2,"[""Dishes and silverware"", ""Hangers"", ""Coffee maker"", ""Carbon monoxide alarm"", ""Iron"", ""Dedicated workspace"", ""Smoke alarm"", ""Essentials"", ""Bed linens"", ""TV"", ""Shampoo"", ""Heating"", ""Washer"", ""Kitchen"", ""Refrigerator"", ""Hot water"", ""Building staff"", ""Oven"", ""Hair dryer"", ""Wifi"", ""Long term stays allowed"", ""Microwave""]",113,100,10
Cosy apartment Buttes Chaumont / La Villette,Buttes-Chaumont,Paris,Entire apartment,Entire place,2,"[""Shampoo"", ""Heating"", ""Washer"", ""Wifi"", ""Kitchen"", ""Dishes and silverware"", ""Cooking basics"", ""Hot water"", ""Essentials"", ""Long term stays allowed"", ""TV""]",75,100,4
Charmant appartement dans le 18eme,Buttes-Montmartre,Paris,Entire apartment,Entire place,2,"[""Heating"", ""Washer"", ""Wifi"", ""Kitchen"", ""Hot water"", ""Essentials"", ""Long term stays allowed"", ""TV""]",60,100,1
Magnifique appartement - rue du commerce,Vaugirard,Paris,Entire apartment,Entire place,2,"[""Heating"", ""TV"", ""Iron"", ""Indoor fireplace"", ""Essentials"", ""Hot water"", ""Wifi"", ""Dishes and silverware"", ""Long term stays allowed"", ""Dedicated workspace""]",150,100,2
Charming Apartment Typically Parisian,Observatoire,Paris,Entire apartment,Entire place,2,"[""Shampoo"", ""Heating"", ""Washer"", ""Hair dryer"", ""Dedicated workspace"", ""Smoke alarm"", ""Wifi"", ""Kitchen"", ""Breakfast"", ""Hot water"", ""Essentials"", ""Long term stays allowed"", ""Carbon monoxide alarm""]",65,100,5
Appartement 2 pièces Haussmannien,Buttes-Chaumont,Paris,Entire apartment,Entire place,2,"[""Dishes and silverware"", ""Hangers"", ""Stove"", ""Coffee maker"", ""Iron"", ""Dryer"", ""Dedicated workspace"", ""Essentials"", ""Bed linens"", ""TV"", ""Shampoo"", ""Heating"", ""Washer"", ""Extra pillows and blankets"", ""Kitchen"", ""Refrigerator"", ""Cooking basics"", ""Hot water"", ""Hair dryer"", ""Wifi"", ""Long term stays allowed"", ""Microwave""]",55,100,2
Appartement avec Jardin prive au calme  à Paris,Popincourt,Paris,Entire apartment,Entire place,2,"[""Shampoo"", ""Heating"", ""Washer"", ""Hair dryer"", ""Dryer"", ""Smoke alarm"", ""Wifi"", ""Kitchen"", ""Essentials"", ""Hangers"", ""Private entrance"", ""Long term stays allowed"", ""TV""]",90,100,12
Appartement  - Tour Eiffel /Rue Cler,Palais-Bourbon,Paris,Entire apartment,Entire place,2,"[""Patio or balcony"", ""High chair"", ""Bathtub"", ""Dishes and silverware"", ""Hangers"", ""Changing table"", ""Coffee maker"", ""Iron"", ""Dedicated workspace"", ""Essentials"", ""Private entrance"", ""Baby bath"", ""Bed linens"", ""Dishwasher"", ""TV"", ""Crib"", ""Heating"", ""Washer"", ""Kitchen"", ""Refrigerator"", ""Cooking basics"", ""Free street parking"", ""Hot water"", ""Game console"", ""Oven"", ""Hair dryer"", ""Wifi"", ""Long term stays allowed"", ""Children\u2019s dinnerware"", ""Microwave""]",150,100,2
Bel appartement spacieux dans Paris 15e,Vaugirard,Paris,Entire apartment,Entire place,2,"[""TV"", ""Iron"", ""Hair dryer"", ""Hangers"", ""Kitchen"", ""Dedicated workspace"", ""Hot water"", ""Heating"", ""Shampoo"", ""Elevator"", ""Long term stays allowed"", ""Essentials"", ""Washer"", ""Dryer"", ""Wifi""]",100,100,1
Appartement Paris 10eme,Enclos-St-Laurent,Paris,Entire apartment,Entire place,2,"[""Iron"", ""Shampoo"", ""Heating"", ""Washer"", ""Hair dryer"", ""Dedicated workspace"", ""Smoke alarm"", ""Wifi"", ""Kitchen"", ""Hot water"", ""Essentials"", ""Hangers"", ""Long term stays allowed"", ""TV""]",100,100,1
Appartement calme pour sejour parisien,Gobelins,Paris,Entire apartment,Entire place,2,"[""Shampoo"", ""Heating"", ""TV"", ""Iron"", ""Kitchen"", ""Hair dryer"", ""Essentials"", ""Washer"", ""Breakfast"", ""Hot water"", ""Hangers"", ""Smoke alarm"", ""Wifi"", ""Long term stays allowed""]",110,100,1
Lovely apartment on the canal St Martin,Enclos-St-Laurent,Paris,Entire apartment,Entire place,2,"[""TV"", ""Iron"", ""Kitchen"", ""Hangers"", ""Smoke alarm"", ""Breakfast"", ""Fire extinguisher"", ""Heating"", ""Refrigerator"", ""Shampoo"", ""Elevator"", ""Long term stays allowed"", ""Essentials"", ""Dishes and silverware"", ""Washer"", ""Microwave"", ""Wifi""]",85,100,1
★★★★ Typical & Charming Home at the heart of Paris,Enclos-St-Laurent,Paris,Entire apartment,Entire place,2,"[""Paid parking off premises"", ""Shampoo"", ""Cooking basics"", ""Heating"", ""TV"", ""Iron"", ""Kitchen"", ""Hair dryer"", ""Essentials"", ""Breakfast"", ""Bed linens"", ""Refrigerator"", ""Hot water"", ""Hangers"", ""Smoke alarm"", ""Oven"", ""Wifi"", ""Dishes and silverware"", ""Keypad"", ""Long term stays allowed""]",100,100,30
Paris : between Montmartre and Batignolles,Buttes-Montmartre,Paris,Entire apartment,Entire place,2,"[""Kitchen"", ""Coffee maker"", ""Hangers"", ""Bed linens"", ""Oven"", ""Long term stays allowed"", ""Iron"", ""Paid parking off premises"", ""Smoke alarm"", ""Cable TV"", ""Dedicated workspace"", ""Hot water"", ""Refrigerator"", ""Elevator"", ""Stove"", ""Essentials"", ""TV"", ""Private entrance"", ""Dishes and silverware"", ""Washer"", ""Luggage dropoff allowed"", ""Hair dryer"", ""Host greets you"", ""Shampoo"", ""Heating"", ""Cooking basics"", ""Microwave"", ""Wifi""]",87,100,6
